text,Segment,i,shehe,they
i,1,100,0,0
my,1,100,0,0
i'm,1,100,0,0
me,1,100,0,0
him,1,0,100,0
he,1,0,100,0
myself,1,100,0,0
them,1,0,0,100
they,1,0,0,100
she,1,0,100,0
her,1,0,100,0
i've,1,100,0,0
idk,1,100,0,0
im,1,100,0,0
ive,1,100,0,0
content.im,1,50,0,0
herself,1,0,100,0
i'll,1,100,0,0
their,1,0,0,100
his,1,0,100,0
themselves,1,0,0,100
mine,1,100,0,0
himself,1,0,100,0
she's,1,0,100,0
i.e,1,50,0,0
theirs,1,0,0,100
i'd,1,100,0,0
they'll,1,0,0,100
they're,1,0,0,100
fml,1,100,0,0
id,1,100,0,0
ill,1,100,0,0
lmao,1,100,0,0
omg,1,100,0,0
he's,1,0,100,0
theyre,1,0,0,100
she'll,1,0,100,0
they've,1,0,0,100
time.ive,1,50,0,0
home.i,1,50,0,0
shes,1,0,100,0
hes,1,0,100,0
on.i,1,50,0,0
media.i,1,50,0,0
lmfao,1,100,0,0
themself,1,0,0,100
hers,1,0,100,0
idek,1,100,0,0
they'd,1,0,0,100
year.i'm,1,50,0,0
me.my,1,100,0,0
asleep.i,1,50,0,0
she'd,1,0,100,0
ago.i,1,50,0,0
me.whenever,1,50,0,0
alone.i,1,50,0,0
all.i,1,50,0,0
end.i,1,50,0,0
everyday.i,1,50,0,0
smh,1,100,0,0
numbness.i,1,50,0,0
theyd,1,0,0,100
imma,1,100,0,0
this.i,1,50,0,0
mdd.my,1,50,0,0
he'd,1,0,100,0
he'll,1,0,100,0
hmu,1,100,0,0
compliments.i,1,50,0,0
me.it,1,50,0,0
me.i,1,100,0,0
me.not,1,50,0,0
all.my,1,50,0,0
them.even,1,0,0,50
lmk,1,100,0,0
ily,1,100,0,0
pregnant.my,1,50,0,0
idc,1,100,0,0
